Year,Mean,Min,Max,Std
1,88.8,72,116,8.288144142890696
2,112.06666666666666,96,147,11.862920757085453
3,135.26666666666668,118,163,12.803471751399654
4,149.6,131,174,14.351771086988995
5,171.53333333333333,144,198,18.7895952295117
